protein_structure,protein_type,gene_sequence,gene_name,gene_expression_level
structural,capsid,ATGGGGTACCTTTAAGAAGTCGGGGGCTATTAAGGTCTTAAAAGGCTTCAAGAAGGAGATCTCAAACATGCTGAGCATTATCAACAAACGGAAAAAGACATCGCTCTGTCTCATGATGATGTTACCAGCAACACTTGCTTTCCACTTAACTTCACGAGATGGAGAGCCGCGCATGATTGTGGGGAAGAATGA,virus_C,264
structural,membrane,ATGGATGGTACATAGACAATGGTTCTTTGACTTACCCCTACCATGGACATCAGGAGCTACAACAGAAACACCAACTTGGAACAGGAAAGAGCTTCTTGTGACATTTAAAAATGCACATGCAAAAAAGCAAGAAGTAGTTGTCCTTGGATCACAAGAGGGAGCAATGCATACAGCACTGACAGGAGCTACAGAGATCCAAACCTCAGGAGGCACAAGTATTTTTGCGGGGCACTTAAAATGTAG,virus_prM,185
structural,envelope,ATGGACAAGGGAAAGCTCACAATGGCAGACTGATCACAGCCAATCCAGTGGTGACCAAGAAGGAGGAGCCTGTCAACATTGAGGCTGAACCTCCTTTTGGGGAAAGTAATATAGTAA,virus_E,485
structural,envelope,ATGCCTTCGATGAAGAGATTCAGGAAGGAGGAGGAGTCAGAGGGAGCCATTTGGTAAAAGCAGGAGGCAAACTGTCAGGCCACCTTAAGCCACAGTACGGAAGAAGCTGTGCAGCCTGTGAGCCCCGTCCAAGGACGTTAAAAGAAGAAGTCAGGCCCAAAAGCCACGGTTTGA,virus_H,593
structural,membrane,ATGGGCCAAGCACACCGGAGTGTCCAAGTGCCTCAAGAGCATGGAATGTGTGGGAGGTGGAAGATTACGGGTTCGGAGTTTTCACAACCAACATATGGCTGAAACTCCGAGAGGTGTACACCCAACTATGTGACCATAGGCTAATGTCGGCAGCCGTCAAGGATGAGAGGGCCGTACACGCCGACATGGGCTATTGGATAG,virus_001,429
structural,membrane,ATGATTGGGACTTTGTGGTGACAACAGACATTTCAGAAATGGGAGCCAATTTCAAAGCAGATAGAGTGATCGACCCAAGAAGATGTCTCAAGCCGGTGATTTTGACAAATGGACCCGAGCGGGTGA,virus_002,396
structural,membrane,ATGTGGAAGTGGAATTTTCGTCACTAATGAGGTCCACACCTGGACAGAGCAATACAAATTTCAAGCAGACTCCCCCAAAAGACTGGCAACAGCCATTGCAGGCGCTTGGGAGAATGGAGTGTGCGGAATTAG,virus_003,301
structural,membrane,ATGGTGCTTTGATGGAGAACGTAATAATCAAATTTTAGAGGAGAATATGGATGTGGAAATCTGGACAAAGGAAGGAGAAAAGAAAAAACTGAGACCTAGGTGGCTTGATGCCCGCACTTATTCAGATCCTTTAGCACTCAAGGAATTCAAGGATTTTGCAGCTGGCAGAAAGTCAATCGCCCTTGATCTTGTGACAGAAATAGGAAGAGTGCCTTCACACTTAGCCCACAGAACGAGAAACGCCCTGGACAATTTGGTGATGCTGCACACGTCAGAACATGGCGGTAG,virus_004,422
structural,membrane,ATGGCATGGAAATCAGACCCATTAATGAGAAAGAAGAGAACATGGTAAAGTCTCTAGCCTCAGCAGGGAGTGGAAAGGTGGACAACTTCACAATGGGTGTCTTGTGTTTGGCAATCCTCTTTGAAGAGGTGATGAGAGGAAAATTTGGGAAAAAACACATGATTGCAGGGGTTCTCTTCACGTTTGTGCTCCTCCTCTCAGGGCAAATAA,virus_005,394
structural,capsid,ATGTGCCCATGGCTGGACCATTAGTGGCTGGGGGCTTGCTGATAGCGTGCTACGTCATAACTGGCACGTCAGCAGACCTCACTGTAGAAAAAGCAGCAGATGTAACATGGGAGGAAGAGGCCGAGCAAACAGGAGTGTCCCACAATTTAATGATCACAGTTGATGATGATGGAACAATGAGAATAAAAGATGACGAGACTGAGAACATCTTAA,virus_006,345
structural,envelope,ATGCTGATGACACAGCCGGTTGGGACACAAGAATAACAGAAGATGACCTGCACAATGAGGAAAAAATCACACAGCAGATGGACCCTGAACACAGGCAGCTAGCGAACGCTATATTCAAGCTCACATACCAAAACAAAGTGGTCAAAGTCCAACGACCAACTCCAAAGGGCACGGTAA,virus_007,372
structural,envelope,ATGTCCCACTCCAATGGATCGCGTCGGCTATAGTCCTGGAGTTTTTTATGATGGTGTTGCTCATACCAGAACCAGAAAAGCAGAGAACTCCCCAAGACAACCAACTCGCATATGTCGTGATAGGCATACTTACATTGGCTGCAATAGTAGCGGCCAATGAAATGGGACTGTTGGAAACTACAAAGAGAGATTTAGGAATGTCTAAAGAACCAGGTGTTGTTTCTTCAACCAGCTATTTGGACGTGGACTTGCACCCAGCATCAGCCTGGACATTGTACGCCGTGGCCACAACAGTAATAA,virus_008,388
structural,capsid,ATGAGAGGGCCGTACACGCCGACATGGGCTATTGGATAGAAAGCCAAAAGAATGGAAGTTGGAAGCTAGAAAAAGCATCCCTCATAGAGGTGAAAACCTGCACATGGCCAAAATCACACACTCTTTGGAGCAATGGTGTGCTAGAGAGTGACATGATTATCCCAAAGAGTCTAG,virus_009,320
non-structural,protease,ATGGCATGGAAATCAGACCCATTAATGAGAAAGAAGAGAACATGGTAAAGTCTCTAGCCTCAGCAGGGAGTGGAAAGGTGGACAACTTCACAATGGGTGTCTTGTGTTTGGCAATCCTCTTTGAAGAGGTGATGAGAGGAAAATTTGGGAAAAAACACATGATTGCAGGGGTTCTCTTCACGTTTGTGCTCCTCCTCTCAGGGCAAATAACATGGAGAGACATGGCGCACACACTCATAATGA,virus_NS1,85
non-structural,protease,ATGAAGAGAGAGACATACCGGAACGCTCATGGAATTCAGGCAATGAATGGATTACTGACTTTGTTGGGAAGACAGTGTGGTTTGTCCCTAGCATCAAAGCCGGAAATGACATAGCAAACTGCTTGCGGAAAAATGGAAAAAAGGTCATTCAACTCAGCAGGAAGACCTTTGACACAGAATATCAAAAGACCAAACTGA,virus_NS3,356
non-structural,polymerase,ATGTTCCATATCTAGGGAAGAGAGAAGACCAATGGTGCGGATCACTCATAGGTCTCACTTCCAGAGCAACCTGGGCCCAGAACATACTCACAGCAATCCAACAGGTGA,virus_NS5,222
non-structural,protease,ATGCTCACTGGACAGAAGCAAAAATGCTGCTGGACAACATCAACACACCAGAAGGGATTATACCAGCTCTCTTTGAACCAGAAAGGGAGAAGTCAGCCGCCATAGACGGCGAATACCGCCTGA,virus_NS6,367
non-structural,protease,ATGTCAATGCGGAACCAGAAACACCCAACATGGATGTCATTGGGGAAAGAATAAAAAGGATCAAAGAGGAGCATAGTTCAACATGGCACTATGATGATGAAAATCCTTACAAAACGTGGGCTTACCATGGATCCTATGAAGTAAAAGCCACAGGCTCAGCCTCCTCCATGATAAATGGAGTCGTGA,virus_NS7,200
non-structural,polymerase,ATGCTCACCACGGACAGGTTTGGATTTCAATGAAATGATTTTATTGACAATGAAGAACAAAGCATGGATGGTACATAGACAATGGTTCTTTGACTTACCCCTACCATGGACATCAGGAGCTACAACAGAAACACCAACTTGGAACAGGAAAGAGCTTCTTGTGACATTTAA,virus_NS8,229
non-structural,protease,ATGGTTCGTGGAGAGAAACATGGTCATTCCCGAAGGAAGAGTCATAGACTTAGGCTGTGGAAGAGGAGGCTGGTCATATTACTGTGCAGGACTGAAAAAAGTTACAGAAGTGCGAGGATACACAAAAGGCGGCCCAGGACACGAAGAACCAGTACCTATGTCTACATACGGATGGAACATAGTCAAGTTAATGAGTGGAAAGGATGTTTTTTATCTGCCACCTGA,virus_NS9,285
non-structural,capsid,ATGAGGGGGTGATGGCAGTTGGACTTGTGAGCATTCTAGCTAGTTCTCTCCTTAGGAATGATGTGCCCATGGCTGGACCATTAGTGGCTGGGGGCTTGCTGATAGCGTGCTACGTCATAACTGGCACGTCAGCAGACCTCACTGTAG,virus_NS10,102
non-structural,capsid,ATGATGTGCCCATGGCTGGACCATTAGTGGCTGGGGGCTTGCTGATAGCGTGCTACGTCATAACTGGCACGTCAGCAGACCTCACTGTAGAAAAAGCAGCAGATGTAACATGGGAGGAAGAGGCCGAGCAAACAGGAGTGTCCCACAATTTAATGATCACAGTTGATGATGATGGAACAATGAGAATAAAAGATGACGAGACTGAGAACATCTTAA,virus_NS11,45
non-structural,phosphotase,ATGCAGTGGAGGAACTACCAGAAACGATGGAAACACTCTTACTCCTGGGACTGATGATCTTGTTAACAGGTGGAGCAATGCTCTTCTTGATATCAGGTAAAGGGATTGGAAAGACTTCAATAGGACTCATTTGTGTAATTGCTTCCAGCGGCATGTTATGGATGGCTGATGTCCCACTCCAATGGATCGCGTCGGCTATAGTCCTGGAGTTTTTTATGATGGTGTTGCTCATACCAGAACCAGAAAAGCAGAGAACTCCCCAAGACAACCAACTCGCATATGTCGTGATAG,virus_NS12,300
non-structural,polymerase,ATGTGCCCATGGCTGGACCATTAGTGGCTGGGGGCTTGCTGATAGCGTGCTACGTCATAACTGGCACGTCAGCAGACCTCACTGTAGAAAAAGCAGCAGATGTAACATGGGAGGAAGAGGCCGAGCAAACAGGAGTGTCCCACAATTTAATGATCACAGTTGATGATGATGGAACAATGAGAATAAAAGATGACGAGACTGAGAACATCTTAACAGTGCTTTTAAAAACAGCACTACTAATAG,virus_NS13,250
non-structural,protease,ATGAGAAAGAAGAGAACATGGTAAAGTCTCTAGCCTCAGCAGGGAGTGGAAAGGTGGACAACTTCACAATGGGTGTCTTGTGTTTGGCAATCCTCTTTGAAGAGGTGATGAGAGGAAAATTTGGGAAAAAACACATGATTGCAGGGGTTCTCTTCACGTTTGTGCTCCTCCTCTCAGGGCAAATAACATGGAGAGACATGGCGCACACACTCATAATGA,virus_NS14,267
non-structural,capsid,ATGGCAGACTGATCACAGCCAATCCAGTGGTGACCAAGAAGGAGGAGCCTGTCAACATTGAGGCTGAACCTCCTTTTGGGGAAAGTAATATAGTAATTGGAATTGGAGACAAAGCCCTGAAAATCAACTGGTACAGGAAGGGAAGCTCGATTGGGAAGATGTTCGAGGCCACTGCCAGAGGTGCAAGGCGCATGGCCATCTTGGGAGACACAGCCTGGGACTTTGGATCAGTGGGTGGTGTTTTGAATTCATTAG,virus_NS15,291
non-structural,capsid,ATGCCGTGTCCAGAGGCAGCGCAAAACTTCAATGGTTCGTGGAGAGAAACATGGTCATTCCCGAAGGAAGAGTCATAGACTTAGGCTGTGGAAGAGGAGGCTGGTCATATTACTGTGCAGGACTGAAAAAAGTTACAGAAGTGCGAGGATACACAAAAGGCGGCCCAGGACACGAAGAACCAGTACCTATGTCTACATACGGATGGAACATAGTCAAGTTAA,virus_NS16,199
non-structural,capsid,ATGCAGTGGAGGAACTACCAGAAACGATGGAAACACTCTTACTCCTGGGACTGATGATCTTGTTAACAGGTGGAGCAATGCTCTTCTTGATATCAGGTAAAGGGATTGGAAAGACTTCAATAG,virus_NS17,185
non-structural,capsid,ATGCAATTATAGGTCCAGGATTGCAGGCAAAAGCCACTCGTGAAGCTCAGAAAAGGACAGCTGCTGGAATAATGAAGAATCCAACGGTGGATGGAATAATGACAATAGACCTAGATCCTGTAATATATGATTCAAAATTTGAAAAGCAACTAGGACAGGTTATGCTCCTGGTTCTGTGTGCAGTTCAACTTTTGTTAATGAGAACATCATGGGCCTTGTGTGAAGTTCTAACCCTAGCCACAGGACCAATAACAACACTCTGGGAAGGATCACCTGGGAAGTTCTGGAACACCACGATAG,virus_NS18,263
non-structural,ubiquitinase,ATGGAGTGTGCGGAATTAGGTCAACAACCAGAATGGAGAACCTCTTGTGGAAGCAAATAGCCAATGAACTGAACTACATATTATGGGAAAACAACATTAAATTAACGGTAGTTGTAGGCGACATAACTGGGGTCTTAGAGCAAGGGAAAAGAACACTAACACCACAACCCATGGAGCTAAAATATTCTTGGAAAACATGGGGAAAGGCAAAAATAG,virus_NS19,293
non-structural,ubiquitinase,ATGAGGAAAAAATCACACAGCAGATGGACCCTGAACACAGGCAGCTAGCGAACGCTATATTCAAGCTCACATACCAAAACAAAGTGGTCAAAGTCCAACGACCAACTCCAAAGGGCACGGTAATGGACATCATATCTAGGAAAGACCAAAGAGGCAGTGGACAGGTGGGAACTTATGGTCTGA,virus_NS20,183
non-structural,capsid,ATGTAGACTCAAGATGGACAAATTGGAACTCAAGGGGATGAGCTATGCAATGTGCTTGAATACCTTTGTGTTGAAGAAAGAAGTCTCCGAAACGCAGCATGGGACAATACTCATTAAGGTTGAGTACAAAGGGGAAGATGCACCCTGCAAGATTCCTTTCTCCACGGAGGATGGACAAGGGAAAGCTCACAATGGCAGACTGATCACAGCCAATCCAGTGGTGACCAAGAAGGAGGAGCCTGTCAACATTGAGGCTGA,virus_NS21,255
non-structural,phosphotase,ATGTCTCAAGCCGGTGATTTTGACAAATGGACCCGAGCGGGTGATCCTGGCTGGACCAATGCCAGTCACCGTAGCGAGCGCTGCGCAAAGGAGAGGGAGAGTTGGCAGGAACCCACAAAAAGAAAATGACCAGTACATATTCATGGGCCAGCCTCTCAACAATGA,virus_NS22,213
non-structural,phosphotase,ATGAAACGCAGGGAGTTACGGCTGAGATAACATCCCAGGCATCAACCGCTGAAGCCATTTTACCTGAATATGGAACCCTCGGGCTAGAATGCTCACCACGGACAGGTTTGGATTTCAATGAAATGATTTTATTGA,virus_NS23,210
non-structural,phosphotase,ATGAAAATCCTTACAAAACGTGGGCTTACCATGGATCCTATGAAGTAAAAGCCACAGGCTCAGCCTCCTCCATGATAAATGGAGTCGTGAAACTCCTCACAAAACCATGGGATGTGGTGCCCATGGTGACACAGATGGCAATGA,virus_NS24,209
